[
  {
    "id": 1,
    "nom": "Pharmacie du Centre",
    "adresse": "12 Avenue de Lattre de Tassigny",
    "codePostal": "93800",
    "ville": "Épinay-sur-Seine",
    "telephone": "0148601122",
    "latitude": 48.958920,
    "longitude": 2.309771,
    "type": "JOUR"
  },
  {
    "id": 2,
    "nom": "Pharmacie Les Mobiles",
    "adresse": "27 Avenue Gallieni",
    "codePostal": "93800",
    "ville": "Épinay-sur-Seine",
    "telephone": "0148213344",
    "latitude": 48.953820,
    "longitude": 2.318711,
    "type": "NUIT"
  },
  {
    "id": 3,
    "nom": "Pharmacie du Cygne",
    "adresse": "5 Rue Mulot",
    "codePostal": "93800",
    "ville": "Épinay-sur-Seine",
    "telephone": "0148210000",
    "latitude": 48.956500,
    "longitude": 2.314200,
    "type": "JOUR"
  },
  {
    "id": 4,
    "nom": "Pharmacie République",
    "adresse": "61 Avenue de la République",
    "codePostal": "93800",
    "ville": "Épinay-sur-Seine",
    "telephone": "0148607722",
    "latitude": 48.954210,
    "longitude": 2.312880,
    "type": "JOUR"
  },
  {
    "id": 5,
    "nom": "Pharmacie des Quatre Routes",
    "adresse": "3 Rue Berthie Albrecht",
    "codePostal": "93800",
    "ville": "Épinay-sur-Seine",
    "telephone": "0148206655",
    "latitude": 48.958320,
    "longitude": 2.317900,
    "type": "NUIT"
  },
  {
    "id": 6,
    "nom": "Pharmacie de l'Orangerie",
    "adresse": "15 Boulevard Foch",
    "codePostal": "93800",
    "ville": "Épinay-sur-Seine",
    "telephone": "0148610021",
    "latitude": 48.952700,
    "longitude": 2.305600,
    "type": "JOUR"
  },
  {
    "id": 7,
    "nom": "Pharmacie du Marché",
    "adresse": "9 Rue du Marché",
    "codePostal": "93800",
    "ville": "Épinay-sur-Seine",
    "telephone": "0148623042",
    "latitude": 48.955900,
    "longitude": 2.311000,
    "type": "NUIT"
  },

  {
    "id": 8,
    "nom": "Pharmacie Centrale",
    "adresse": "2 Rue Gabriel Péri",
    "codePostal": "93200",
    "ville": "Saint-Denis",
    "telephone": "0148217722",
    "latitude": 48.936300,
    "longitude": 2.356900,
    "type": "JOUR"
  },
  {
    "id": 9,
    "nom": "Pharmacie du Stade",
    "adresse": "17 Boulevard Jules Guesde",
    "codePostal": "93200",
    "ville": "Saint-Denis",
    "telephone": "0148172200",
    "latitude": 48.930500,
    "longitude": 2.361500,
    "type": "NUIT"
  },
  {
    "id": 10,
    "nom": "Pharmacie de la Gare",
    "adresse": "1 Rue du Corbillon",
    "codePostal": "93200",
    "ville": "Saint-Denis",
    "telephone": "0148715502",
    "latitude": 48.935880,
    "longitude": 2.357330,
    "type": "JOUR"
  },
  {
    "id": 11,
    "nom": "Pharmacie des Tartres",
    "adresse": "39 Avenue Romain Rolland",
    "codePostal": "93200",
    "ville": "Saint-Denis",
    "telephone": "0148139933",
    "latitude": 48.941220,
    "longitude": 2.345110,
    "type": "JOUR"
  },
  {
    "id": 12,
    "nom": "Pharmacie du Théâtre",
    "adresse": "8 Rue du Théâtre",
    "codePostal": "93200",
    "ville": "Saint-Denis",
    "telephone": "0148721144",
    "latitude": 48.937300,
    "longitude": 2.353300,
    "type": "NUIT"
  },
  {
    "id": 13,
    "nom": "Pharmacie La Plaine",
    "adresse": "10 Rue des Fillettes",
    "codePostal": "93210",
    "ville": "Saint-Denis",
    "telephone": "0148712200",
    "latitude": 48.914900,
    "longitude": 2.359880,
    "type": "JOUR"
  },
  {
    "id": 14,
    "nom": "Pharmacie Pleyel",
    "adresse": "33 Avenue du Président Wilson",
    "codePostal": "93210",
    "ville": "Saint-Denis",
    "telephone": "0149128810",
    "latitude": 48.914700,
    "longitude": 2.348220,
    "type": "NUIT"
  },

  {
    "id": 15,
    "nom": "MTC Pharma",
    "adresse": "5 Place Albert Kahn",
    "codePostal": "75018",
    "ville": "Paris",
    "telephone": "0146068556",
    "latitude": 48.895927,
    "longitude": 2.345838,
    "type": "NUIT"
  },
  {
    "id": 16,
    "nom": "Pharmacie de la Fourche",
    "adresse": "10 Avenue de Saint-Ouen",
    "codePostal": "75018",
    "ville": "Paris",
    "telephone": "0143876936",
    "latitude": 48.887879,
    "longitude": 2.325831,
    "type": "JOUR"
  },
  {
    "id": 17,
    "nom": "Pharmacie Marcadet",
    "adresse": "62 Rue Marcadet",
    "codePostal": "75018",
    "ville": "Paris",
    "telephone": "0142349921",
    "latitude": 48.892700,
    "longitude": 2.343900,
    "type": "JOUR"
  },
  {
    "id": 18,
    "nom": "Pharmacie Ordener",
    "adresse": "45 Rue Ordener",
    "codePostal": "75018",
    "ville": "Paris",
    "telephone": "0142378810",
    "latitude": 48.892100,
    "longitude": 2.349600,
    "type": "JOUR"
  },
  {
    "id": 19,
    "nom": "Pharmacie du Square",
    "adresse": "8 Boulevard Barbès",
    "codePostal": "75018",
    "ville": "Paris",
    "telephone": "0142308811",
    "latitude": 48.885200,
    "longitude": 2.348900,
    "type": "NUIT"
  },
  {
    "id": 20,
    "nom": "Pharmacie Européenne",
    "adresse": "6 Place de Clichy",
    "codePostal": "75009",
    "ville": "Paris",
    "telephone": "0148746518",
    "latitude": 48.883506,
    "longitude": 2.327073,
    "type": "NUIT"
  },
  {
    "id": 21,
    "nom": "Pharmacie de Clichy",
    "adresse": "44 Boulevard de Clichy",
    "codePostal": "75018",
    "ville": "Paris",
    "telephone": "0142546633",
    "latitude": 48.882900,
    "longitude": 2.332900,
    "type": "JOUR"
  },
  {
    "id": 22,
    "nom": "Pharmacie Rochechouart",
    "adresse": "15 Rue de Rochechouart",
    "codePostal": "75009",
    "ville": "Paris",
    "telephone": "0142830099",
    "latitude": 48.878500,
    "longitude": 2.344100,
    "type": "JOUR"
  },
  {
    "id": 23,
    "nom": "Pharmacie Lafayette",
    "adresse": "51 Rue La Fayette",
    "codePostal": "75009",
    "ville": "Paris",
    "telephone": "0148745533",
    "latitude": 48.875200,
    "longitude": 2.343300,
    "type": "NUIT"
  },
  {
    "id": 24,
    "nom": "Pharmacie du Faubourg",
    "adresse": "102 Rue du Faubourg Poissonnière",
    "codePostal": "75010",
    "ville": "Paris",
    "telephone": "0146002201",
    "latitude": 48.877900,
    "longitude": 2.350100,
    "type": "JOUR"
  },
  {
    "id": 25,
    "nom": "Pharmacie Canal Saint-Martin",
    "adresse": "5 Quai de Valmy",
    "codePostal": "75010",
    "ville": "Paris",
    "telephone": "0142109922",
    "latitude": 48.871200,
    "longitude": 2.364500,
    "type": "JOUR"
  },
  {
    "id": 26,
    "nom": "Pharmacie La Chapelle",
    "adresse": "30 Boulevard de la Chapelle",
    "codePostal": "75018",
    "ville": "Paris",
    "telephone": "0142076600",
    "latitude": 48.884100,
    "longitude": 2.359400,
    "type": "NUIT"
  },
  {
    "id": 27,
    "nom": "Pharmacie Porte de Clignancourt",
    "adresse": "2 Avenue de la Porte de Clignancourt",
    "codePostal": "75018",
    "ville": "Paris",
    "telephone": "0146001133",
    "latitude": 48.897700,
    "longitude": 2.344000,
    "type": "JOUR"
  },
  {
    "id": 28,
    "nom": "Pharmacie Bichat",
    "adresse": "7 Rue Bichat",
    "codePostal": "75010",
    "ville": "Paris",
    "telephone": "0142003311",
    "latitude": 48.873800,
    "longitude": 2.363100,
    "type": "JOUR"
  },
  {
    "id": 29,
    "nom": "Pharmacie Magenta",
    "adresse": "102 Boulevard Magenta",
    "codePostal": "75010",
    "ville": "Paris",
    "telephone": "0142007799",
    "latitude": 48.874500,
    "longitude": 2.357700,
    "type": "JOUR"
  },
  {
    "id": 30,
    "nom": "Pharmacie Poissonnière",
    "adresse": "1 Rue de Rocroy",
    "codePostal": "75010",
    "ville": "Paris",
    "telephone": "0148785510",
    "latitude": 48.878200,
    "longitude": 2.352800,
    "type": "NUIT"
  },
  {
    "id": 31,
    "nom": "Pharmacie Brochant",
    "adresse": "94 Rue Brochant",
    "codePostal": "75017",
    "ville": "Paris",
    "telephone": "0143009911",
    "latitude": 48.889800,
    "longitude": 2.316700,
    "type": "JOUR"
  },
  {
    "id": 32,
    "nom": "Pharmacie Cardinet",
    "adresse": "3 Rue Cardinet",
    "codePostal": "75017",
    "ville": "Paris",
    "telephone": "0143157722",
    "latitude": 48.885500,
    "longitude": 2.311900,
    "type": "JOUR"
  },
  {
    "id": 33,
    "nom": "Pharmacie Batignolles",
    "adresse": "24 Boulevard des Batignolles",
    "codePostal": "75017",
    "ville": "Paris",
    "telephone": "0143158899",
    "latitude": 48.882900,
    "longitude": 2.326500,
    "type": "JOUR"
  },
  {
    "id": 34,
    "nom": "Pharmacie des Moines",
    "adresse": "40 Rue des Moines",
    "codePostal": "75017",
    "ville": "Paris",
    "telephone": "0143164455",
    "latitude": 48.887000,
    "longitude": 2.326300,
    "type": "NUIT"
  },
  {
    "id": 35,
    "nom": "Pharmacie Ternes",
    "adresse": "7 Avenue des Ternes",
    "codePostal": "75017",
    "ville": "Paris",
    "telephone": "0143522288",
    "latitude": 48.877900,
    "longitude": 2.296600,
    "type": "JOUR"
  },
  {
    "id": 36,
    "nom": "Pharmacie Wagram",
    "adresse": "72 Boulevard Pereire",
    "codePostal": "75017",
    "ville": "Paris",
    "telephone": "0143524488",
    "latitude": 48.882300,
    "longitude": 2.301900,
    "type": "JOUR"
  },
  {
    "id": 37,
    "nom": "Pharmacie Villiers",
    "adresse": "14 Avenue de Villiers",
    "codePostal": "75017",
    "ville": "Paris",
    "telephone": "0143007744",
    "latitude": 48.880400,
    "longitude": 2.318900,
    "type": "JOUR"
  },
  {
    "id": 38,
    "nom": "Pharmacie Courcelles",
    "adresse": "29 Rue de Courcelles",
    "codePostal": "75008",
    "ville": "Paris",
    "telephone": "0143005522",
    "latitude": 48.876600,
    "longitude": 2.309800,
    "type": "NUIT"
  },
  {
    "id": 39,
    "nom": "Pharmacie Monceau",
    "adresse": "108 Boulevard Malesherbes",
    "codePostal": "75017",
    "ville": "Paris",
    "telephone": "0143480099",
    "latitude": 48.882000,
    "longitude": 2.310500,
    "type": "JOUR"
  },
  {
    "id": 40,
    "nom": "Pharmacie Rome",
    "adresse": "98 Rue de Rome",
    "codePostal": "75017",
    "ville": "Paris",
    "telephone": "0143009912",
    "latitude": 48.880700,
    "longitude": 2.321200,
    "type": "JOUR"
  }
]
